,phrase,label,sentiment,subjectivity,language,count
Philippinen,,,,,,
Jamaika,,,,,,
Vietnam,,,,,,
China,,,,,,
Kuba,,,,,,
Südostasien,,,,,,
Karibik,,,,,,
Hawaii,,,,,,
Wirbelsturm,,,,,,
Taiwan,,,,,,
USA,,,,,,
Haiti,,,,,,
Karibikinsel,,,,,,
Pazifik,,,,,,
…,,,,,,
Australien,,,,,,
Land,,,,,,
Bahamas,,,,,,
Big Island,,,,,,
Chinas,,,,,,
Starkregen,,,,,,
Japan,,,,,,
Atlantik,,,,,,
Bermuda,,,,,,
Madagaskar,,,,,,
Stromausfälle,,,,,,
Shanghai,,,,,,
Queensland,,,,,,
Behördenangaben,,,,,,
Taifun,,,,,,
Sri Lanka,,,,,,
Windböen,,,,,,
Böen,,,,,,
Papua-Neuguinea,,,,,,
US-Präsident,,,,,,
Hawaiis,,,,,,
Zhejiang,,,,,,
Karibikstaat,,,,,,
Hurrikan,,,,,,
Stundenkilometern,,,,,,
Thailand,,,,,,
Indonesien,,,,,,
Jamaikas,,,,,,
Melissa,,,,,,
Kingston,,,,,,
Sturm,,,,,,
Sturmböen,,,,,,
Brasiliens,,,,,,
Berlin,,,,,,
Hurrikan-Katastrophe,,,,,,
Notunterkünften,,,,,,
Regierungsangaben,,,,,,
Küste,,,,,,
Tropensturm,,,,,,
Landes,,,,,,
Rio Bonito do Iguaçu,,,,,,
Südchina,,,,,,
Mexiko-Stadt,,,,,,
Nordaustralien,,,,,,
Westpazifik,,,,,,
Krisha,,,,,,
Florida,,,,,,
Black River,,,,,,
Provinz Aurora,,,,,,
Vietnams,,,,,,
Staaten,,,,,,
Sinlaku,,,,,,
Asien,,,,,,
Lala,,,,,,
Darwin,,,,,,
Fidschi,,,,,,
Tropensturm Lala,,,,,,
Indiana,,,,,,
Asiens,,,,,,
Sumatra,,,,,,
US-Bundesstaat,,,,,,
Ostchina,,,,,,
Schweden,,,,,,
Stadt,,,,,,
Brasilien,,,,,,
Fung-Wong,,,,,,
Mexiko,,,,,,
Südkaliforniens,,,,,,
Nordatlantik,,,,,,
Meteorologen,,,,,,
Insel,,,,,,
Überschwemmungen,,,,,,
Bezirken,,,,,,
Dominikanischen Republik,,,,,,
Dächer,,,,,,
Bäume,,,,,,
nan,,,,,,
Kubas,,,,,,
Deutschland,,,,,,
Provinz Cebu,,,,,,
Treibstoff,,,,,,
Nördlichen Marianen,,,,,,
Karibikinseln,,,,,,
Hurrikans,,,,,,
Cairns,,,,,,
Zyklon,,,,,,
Salomonen,,,,,,
Japans,,,,,,
Indien,,,,,,
Peking,,,,,,
Rota,,,,,,
Norwegen,,,,,,
Zyklon Fina,,,,,,
Australiens,,,,,,
Hongkong,,,,,,
Südseeparadies Fidschi,,,,,,
Inselstaat,,,,,,
Notstand,,,,,,
Díaz-Canel,,,,,,
Naturkatastrophe,,,,,,
offenen Meer,,,,,,
Trümmer,,,,,,
Landgang am Sonntag,,,,,,
Pagasa,,,,,,
Zentrum von Fung-Wong,,,,,,
US-Hurrikanzentrum,,,,,,
Jamaicas,,,,,,
Kurs,,,,,,
Hilfsgüter,,,,,,
Inselstaates,,,,,,
Cebu,,,,,,
Jamaica,,,,,,
Long Island,,,,,,
Zentralvietnam,,,,,,
Jahren,,,,,,
Haus,,,,,,
Nutznießern,,,,,,
Landkreis Oder-Spree,,,,,,
Munich,,,,,,
Fort Lauderdale,,,,,,
Pinghai,,,,,,
Supertaifun,,,,,,
Mekkhala,,,,,,
Xinhua,,,,,,
Atlantic Beach,,,,,,
Insel Rota,,,,,,
Südpazifik,,,,,,
Reuters,,,,,,
Wenzhou,,,,,,
Luzon,,,,,,
Deutschlands,,,,,,
den USA,,,,,,
Kanada,,,,,,
Tropensturm Narelle,,,,,,
Northern Territory,,,,,,
Narelle,,,,,,
Monster-Wellen,,,,,,
Bougainville,,,,,,
US-Außengebiete,,,,,,
Kalifornien,,,,,,
Gezani,,,,,,
Toamasina,,,,,,
Supertaifuns Sinlaku,,,,,,
Madagaskars,,,,,,
US-Regierung,,,,,,
New York,,,,,,
Oklahoma,,,,,,
Dolly,,,,,,
Urlaubsparadies,,,,,,
Trauminsel,,,,,,
Straße von Malakka,,,,,,
Thailands,,,,,,
Malaysias,,,,,,
Indonesiens,,,,,,
Manila,,,,,,
Nordaustraliens,,,,,,
Noul,,,,,,
Hubei,,,,,,
Tropensturm «Lala,,,,,,
Kopenhagen,,,,,,
Bewohner,,,,,,
Überflutungen,,,,,,
Mittelmeer,,,,,,
Tropensturm „Lala“,,,,,,
Schanghai,,,,,,
Santiago de Cuba,,,,,,
Brandenburg,,,,,,
Kürze,,,,,,
Zentrum des Sturms,,,,,,
“,,,,,,
Fürstenwalde,,,,,,
Prüfstand,,,,,,
Washington,,,,,,
Kanadas,,,,,,
Landstriche,,,,,,
Anmarsch,,,,,,
Atlantische Hurrikansaison,,,,,,
Todesfall,,,,,,
Bualoi,,,,,,
Ozeane,,,,,,
Medienberichten,,,,,,
Ungemach,,,,,,
Miyazaki,,,,,,
El Niño,,,,,,
Insel…,,,,,,
Tofu-Engpässe,,,,,,
Südwestfrankreich,,,,,,
Naalehu,,,,,,
Geschmackssache,,,,,,
Dock,,,,,,
Ozean,,,,,,
Hawaii County,,,,,,
Windhosen,,,,,,
Supermarkt,,,,,,
No…,,,,,,
Spaniens,,,,,,
Wetter-Chaos,,,,,,
Wirbelsturm-Warnung,,,,,,
Südafrika,,,,,,
Spanien,,,,,,
Carcassonne,,,,,,
CSSC,,,,,,
Bualoi a,,,,,,
Hawaii-Archipels,,,,,,
Marianeninseln,,,,,,
Pazifik nordöstli…,,,,,,
Jiangxi,,,,,,
US-Außengebieten,,,,,,
Hauptinsel,,,,,,
west…,,,,,,
Big Island vo,,,,,,
Tropensturm Sinlaku,,,,,,
Guam,,,,,,
Saipan,,,,,,
Lala Stromausfälle,,,,,,
Tinian,,,,,,
Hawaiis Big Island,,,,,,
Golf von,,,,,,
Milton,,,,,,
Hanoi,,,,,,
Big Island …,,,,,,
Samar,,,,,,
Bradenton Gulf Islands,,,,,,
Bradenton,,,,,,
Anna Maria Island,,,,,,
Gef…,,,,,,
Florida-Insider,,,,,,
Tampa,,,,,,
Unwetter,,,,,,
Floridas,,,,,,
Zyklon Maila,,,,,,
Helene,,,,,,
Taifuns,,,,,,
Tropensturm vor der Küste,,,,,,
Stadt Shanghai,,,,,,
Rot,,,,,,
Volksrepublik,,,,,,
Liaoning,,,,,,
Hebei,,,,,,
Chinas Meteorologen,,,,,,
Provinz Zhejiang,,,,,,
Ostasiens,,,,,,
Mexikos,,,,,,
Insel Taiwan,,,,,,
Taizhou,,,,,,
Zhejia…,,,,,,
Ang…,,,,,,
Tropensturm Dolphin,,,,,,
Bermuda-Inseln,,,,,,
Zentrum des Sturms der Stufe,,,,,,
Strandclub,,,,,,
Provinz Guang…,,,,,,
Shanghai wu…,,,,,,
Provinz Guangdong,,,,,,
Pudong,,,,,,
Pinghai i…,,,,,,
Hongqiao,,,,,,
Zentrum des Taifuns,,,,,,
Pinghai in,,,,,,
Stromausfällen,,,,,,
Flugstreichungen,,,,,,
Präfektur Okinawa,,,,,,
Großbritannien,,,,,,
nan China,,,,,,
Ostküste,,,,,,
Wenling,,,,,,
Keelung,,,,,,
Sizilien,,,,,,
Tages Taiwan,,,,,,
e…,,,,,,
Flugausfälle,,,,,,
Havel,,,,,,
Norddeutschland,,,,,,
Houston,,,,,,
Frankreich,,,,,,
Deniz Undav,,,,,,
Drachenbootfest,,,,,,
b…,,,,,,
Dauerregen,,,,,,
Aberdeen,,,,,,
Chinas Zentrum,,,,,,
Mond,,,,,,
Evakuierungen,,,,,,
Kyoto,,,,,,
Bächen,,,,,,
Polen,,,,,,
Regenfälle Rekorde,,,,,,
Phuket,,,,,,
Supertaifun Bavi,,,,,,
Windgeschwindigkeiten…,,,,,,
Provin…,,,,,,
US-Außengebiet,,,,,,
U-Bahn-Betrieb,,,,,,
Yuhuan,,,,,,
Stromversorger,,,,,,
Regenfälle,,,,,,
Tornados,,,,,,
Huanggang,,,,,,
Chinas Wirtschaftsmetropole Shanghai,,,,,,
Südengland,,,,,,
Großeinsatz,,,,,,
Alaskas,,,,,,
Starke Regenfälle,,,,,,
Holland Bamboo,,,,,,
Verisk,,,,,,
Hurrikan-Toten,,,,,,
Feldlazarette,,,,,,
Krankenhäuser,,,,,,
Meeres,,,,,,
Sangster International Airport …,,,,,,
Nimand,,,,,,
Straße,,,,,,
Port-au-Prince,,,,,,
Petit-Goâve,,,,,,
Wirbelsturm in der Karibik,,,,,,
offene Meer,,,,,,
Bermuda-Inselgruppe,,,,,,
Milliardenhöhe,,,,,,
Abendhimmel,,,,,,
Dominikanischen Republik g,,,,,,
Wi…,,,,,,
Onshore-Immobilien,,,,,,
Sturm Melissa,,,,,,
zentralvietnamesische Küste,,,,,,
Gliedstaates besingen,,,,,,
Anm…,,,,,,
Provinz Cebu …,,,,,,
Sturm Kurs,,,,,,
Herbststurm Joshua,,,,,,
Sturm Kalmaegi,,,,,,
Atlantiks,,,,,,
i…,,,,,,
Wirbelsturm i…,,,,,,
Umständen,,,,,,
Irland,,,,,,
Str,,,,,,
Herbststurm,,,,,,
Schlimmste,,,,,,
noc…,,,,,,
Havanna,,,,,,
Jamaik…,,,,,,
südostasiatischen Land,,,,,,
Bermudas,,,,,,
Hurrikan-Schäden,,,,,,
Vereinigten Staaten,,,,,,
Miami,,,,,,
Live-Karte,,,,,,
Inselstaates auf Land,,,,,,
Israel,,,,,,
Bil…,,,,,,
Sonnenaufgang,,,,,,
Kingston Monstersturm Melissa,,,,,,
Küste von Jamaika,,,,,,
Ahrtal,,,,,,
Zentrum des Hurrikans,,,,,,
Sturmflut,,,,,,
Europa,,,,,,
s…,,,,,,
Inselstaats,,,,,,
US-Hurrikanzentr…,,,,,,
Land reg…,,,,,,
Dienstagmorgen,,,,,,
Hurrikan-Stärke,,,,,,
jamaikanische Küste,,,,,,
Port Royal,,,,,,
d…,,,,,,
Cantal,,,,,,
Jahrhundertsturm,,,,,,
Hurrikan Melissa,,,,,,
Wirbelsturm…,,,,,,
Dominikanische Republik,,,,,,
Petit-Goave,,,,,,
Wirbelsturm Melissa,,,,,,
Gabrielle,,,,,,
Barry,,,,,,
US-Hurrikanwarnz,,,,,,
Län…,,,,,,
Flutkatastrophe im Ahrtal,,,,,,
Landfall,,,,,,
Tropensturm Melissa,,,,,,
Kat…,,,,,,
Krokodile,,,,,,
Katastrophengebiet,,,,,,
Mehr,,,,,,
chars,,,,,,
Queensland z,,,,,,
KI,,,,,,
Sumatra Barat,,,,,,
Sumatra Utara,,,,,,
Westsumatra,,,,,,
Nord-,,,,,,
Aceh,,,,,,
Taifun Halong,,,,,,
Sri Lank…,,,,,,
Klimawandel,,,,,,
Sulawesi,,,,,,
Alaska,,,,,,
Halong,,,,,,
Str…,,,,,,
Hippie-Klamotten,,,,,,
wellig-ungezähmte Haar,,,,,,
Yukon-Kuskokwim-Delta,,,,,,
Bangladesch,,,,,,
Südthailand,,,,,,
Wirbelsturm d…,,,,,,
Dörfern,,,,,,
Provinz Gia Lai,,,,,,
Hofors,,,,,,
Trump-Lager,,,,,,
Frühlingsfest Holi,,,,,,
Rajasthan,,,,,,
Gerüchen,,,,,,
Geräuschen,,,,,,
Holi in Rajasthan,,,,,,
Schweiz,,,,,,
Kiew,,,,,,
Tropischer Wirbelsturm,,,,,,
Nationale Amt für Risiko- und Katastrophenmanagement,,,,,,
Indischen Ozean,,,,,,
"Wirbelsturm ""Gezani",,,,,,
Puerto Rico,,,,,,
Bordeaux,,,,,,
U-Bahnhof Krumme Lanke,,,,,,
Bad Bunny,,,,,,
Gävleborgs län ,,,,,,
Hat Yai,,,,,,
SüdostasienMillionen,,,,,,
Betroffenen,,,,,,
Sprintlegende Usain Bolt,,,,,,
Archipel,,,,,,
Sturms,,,,,,
Küstengemeinden,,,,,,
Auswärtige Amt,,,,,,
Nordsee,,,,,,
Inselreich,,,,,,
Irawan,,,,,,
Nordmeer,,,,,,
Paraná,,,,,,
Joshua,,,,,,
Bretagne,,,,,,
Toten,,,,,,
Südchinesischen Meer,,,,,,
Kalmaegi,,,,,,
Ärmelkanal,,,,,,
Fünf Tote,,,,,,
Land ge…,,,,,,
Nordseeküste,,,,,,
Orkanböen,,,,,,
US-Westküste,,,,,,
Klima-Risiko-Index,,,,,,
Darwin …,,,,,,
Notunterkünfte,,,,,,
Paris,,,,,,
Ermont…,,,,,,
Sturmschäden,,,,,,
Wirbelsturm-Skala,,,,,,
Taiwans,,,,,,
Dax-Konzern,,,,,,
Supertaifun Fung-Wong,,,,,,
Provinz Nueva Vizcaya,,,,,,
Magdeburger,,,,,,
bergen,,,,,,
Schiffswrack,,,,,,
Supertaifun „Fung-Wong,,,,,,
Supertaifun Fung-wong,,,,,,
Aurora,,,,,,
Taifun Fung-wong,,,,,,
